,length,A,C,G,T,cluster,chromosome,gene_name,tree_length,tree_cv,cg_content
gene1.fasta,5794,0.26825018076645,0.26950831525668806,0.252530730296457,0.20971077368040497,CLUSTER1,14,SIPA1L1,1.4850975049536002,0.9930812080893159,0.9730450955551347
gene10.fasta,2175,0.26847618704777,0.224594117858814,0.254346808740415,0.25258288635299997,CLUSTER2,9,GNE,1.1236656558261,0.9861215903647651,0.8919616519174026
gene100.fasta,1908,0.300453982666116,0.23852661989269502,0.258439950474618,0.20257944696657001,CLUSTER3,3,PEX5L,1.1902316461381,0.9202576057198281,0.8270260989010996
gene101.fasta,1540,0.30638594534300106,0.21056887897378698,0.232905744562186,0.250139431121026,CLUSTER4,6,Tinag,1.8551203530900002,1.1074893753338402,0.7237189405661221
gene102.fasta,2031,0.310656304675103,0.19847825202424998,0.23753916263172897,0.253326280668918,CLUSTER2,1,DYNC1I2,0.8155872010048001,1.01372351393336,0.7017681728880147
gene103.fasta,2031,0.310656304675103,0.19847825202424998,0.23753916263172897,0.253326280668918,CLUSTER2,1,DYNC1I2,0.8155872010048001,1.01372351393336,0.7017681728880147
gene104.fasta,1166,0.273693962218552,0.229467917992508,0.265356265356265,0.23148185443267397,CLUSTER5,13,Clybl,1.8193154155844,1.0589876882823002,0.903973509933775
gene105.fasta,3990,0.297726487606875,0.211060972450125,0.243522756714742,0.247689783228258,CLUSTER2,7,CADPS2,1.0955343627354,0.9677354579467771,0.7634250697994832
gene106.fasta,1110,0.301617830071275,0.21767168231700398,0.23796055360711998,0.24274993400460101,CLUSTER6,20,MGME1,2.516831510918,1.07905791527381,0.7553138284571139
gene107.fasta,1053,0.308041001347654,0.23984154857679602,0.239596520602769,0.212520929472781,CLUSTER1,10,CREM,1.174948476153,1.2810261615976102,0.7782049582394275
gene108.fasta,6946,0.246548914345971,0.256458802665005,0.256950103053252,0.24004217993577104,CLUSTER4,17,KIAA0100,1.1767546517361003,0.88338112141655,1.0411907654921029
gene109.fasta,2321,0.300368924388409,0.212131523335363,0.238332318492783,0.24916723378344502,CLUSTER7,5,Trim36,1.9194102302469997,1.5054881048845903,0.7498509420462689
gene11.fasta,2898,0.23925786807808302,0.259162825109556,0.28103124466450397,0.220548062147857,CLUSTER4,1,DSTYK,1.3290327937037,0.925631231955006,1.1288950999048541
gene110.fasta,3867,0.276625570199124,0.23351449483517397,0.27428157782859003,0.215578357137112,CLUSTER1,16,GLG1,1.2985622652645,0.9416038142792371,0.9178400830737304
gene111.fasta,3913,0.293624015918332,0.19192836750584,0.228631369495631,0.28581624708019704,CLUSTER4,12,APAF1,1.533752988866,1.06642537277079,0.71615350618739
gene112.fasta,1911,0.290766048907093,0.21746623950687402,0.256275599172716,0.235492112413318,CLUSTER3,10,KIAA1279,1.2891259050061001,0.937738238870962,0.814644351464435
gene113.fasta,2728,0.26949677605273603,0.238806238968337,0.287831850437664,0.20386513454126298,CLUSTER5,5,Nsun2,2.6135051812850003,0.839742855294106,0.9770767894138865
gene114.fasta,1838,0.252790575076211,0.21153361296385395,0.266955465401453,0.268720346558482,CLUSTER3,8,Slc17a8,1.57785368337251,1.10037135162936,0.9464139994559778
gene115.fasta,3416,0.312164989292037,0.198029239548904,0.227615404612471,0.262190366546589,CLUSTER8,0,HELQ,2.151281229765,0.9927068120817719,0.6817623032081528
gene116.fasta,1488,0.324110893307197,0.173340800896108,0.236740408849062,0.26580789694763396,CLUSTER3,0,TAF1A,2.0799911575684,1.01592270301072,0.632624848799033
gene117.fasta,3872,0.237214245434434,0.269064763805145,0.266798247516592,0.22692274324382897,CLUSTER2,8,ADCY8,1.159247542728,0.867603733872182,1.1294916339032628
gene118.fasta,2768,0.31031120756081804,0.21058011353807896,0.235253416363951,0.243855262537151,CLUSTER1,10,Armc3,2.4829898082210002,0.929108119182504,0.7183651750874174
gene119.fasta,3086,0.339062017481438,0.20808550061091002,0.23638878073013897,0.216463701177513,CLUSTER2,17,TAOK1,0.7143350303686,1.02197193933881,0.6554468775987004
gene12.fasta,2106,0.22764021741248,0.26981745923516004,0.28799361009915997,0.21454871325320002,CLUSTER1,16,PRMT7,1.9080724775364,0.8528928906006591,1.2252032520325185
gene120.fasta,1478,0.297169941304528,0.219515555678029,0.22444817988922303,0.258866323128221,CLUSTER6,5,IL7R,2.577597672199,0.875712059880145,0.7469862759643908
gene121.fasta,NA,0.319633158931307,0.182757408770499,0.214594067678596,0.28301536461959803,NA,0,NA,NA,NA,0.6215742411983148
gene122.fasta,1964,0.31870780052539,0.18905364625170998,0.234732202948264,0.257506350274636,CLUSTER6,0,PLS3,0.9647535836289001,0.9874577774917241,0.6648501362397826
gene123.fasta,3543,0.27346784881860997,0.25957451670399,0.266589735386865,0.200367899090535,CLUSTER1,2,TP53BP2,2.2789077872670003,0.998115062156833,0.9620221433047828
gene124.fasta,1482,0.26414786626800796,0.26004349007882605,0.250475672737157,0.22533297091600998,CLUSTER2,1,CELF1,0.6919755846052,1.03918850648764,0.9663511010495983
gene125.fasta,812,0.298764050658664,0.222928640455725,0.220131224251055,0.25817608463455605,CLUSTER8,4,Pacrgl,1.9789128933900002,1.10572853268864,0.7414879128362284
gene126.fasta,4705,0.292555696097349,0.26884619290746103,0.23708579922630202,0.201512311768888,CLUSTER8,2,ASXL2,1.963434084831,1.1434792422093,0.864676365702024
gene127.fasta,3478,0.32570810212273305,0.23089602758169397,0.234922552313364,0.20847331798220803,CLUSTER6,10,ZEB1,1.5649453935356998,1.19786221267381,0.7150859571180219
gene128.fasta,6523,0.27115635078144396,0.23877449764326503,0.243131356983379,0.246937794591913,CLUSTER1,0,RALGAPA2,1.7824225619671001,0.915300571642342,0.8886125167967527
gene129.fasta,4118,0.20814625525410801,0.290325277034773,0.262144153611005,0.23938431410011501,CLUSTER4,22,Mei1,2.066454567989,0.980937433050783,1.327118352360736
gene13.fasta,2338,0.28180946291560105,0.21804845126456399,0.26710358056266,0.233038505257175,CLUSTER6,0,HADHA,1.5969737843773002,0.854600450081133,0.8607802357093344
gene130.fasta,1461,0.352478946744158,0.204009014351797,0.22888743921243002,0.214624599691614,CLUSTER1,8,LRRC6,2.336494166273,1.0502770322219002,0.6140741987044676
gene131.fasta,2113,0.280917329534212,0.2244251850093,0.25735090427005397,0.237306581186434,CLUSTER3,4,Hhip,1.2664702916245,0.9958784087975551,0.8575051067126851
gene132.fasta,7963,0.26025828387366196,0.29019058128784003,0.261809180112738,0.18774195472576,CLUSTER6,5,Mast4,2.303387296882,0.8576607815197271,1.0604845178886546
gene133.fasta,NA,0.298283642224013,0.232514101531023,0.247671232876712,0.22153102336825103,NA,0,NA,NA,NA,0.8049139584515209
gene134.fasta,2077,0.320101127489959,0.20060350276265598,0.227965013150651,0.251330356596734,CLUSTER3,9,MELK,1.3437954076014,0.926420387533448,0.6694267515923549
gene135.fasta,NA,0.28946058409067704,0.22843485142448702,0.247147196977433,0.234957367507403,NA,0,NA,NA,NA,0.8214970786021392
gene136.fasta,NA,0.28946058409067704,0.22843485142448702,0.247147196977433,0.234957367507403,NA,0,NA,NA,NA,0.8214970786021392
gene137.fasta,2857,0.284906851446775,0.230148127486531,0.2526535226155,0.23229149845119398,CLUSTER1,7,OSBPL3,1.5304764384807,0.845198620812359,0.8472973669294608
gene138.fasta,2947,0.266808880461405,0.25900292328355895,0.239235205814964,0.234952990440073,CLUSTER8,2,IL12RB2,2.992892481423,1.29611678743277,0.9336985490079951
gene139.fasta,3255,0.276569516597693,0.23733631869583302,0.247625756298821,0.23846840840765302,CLUSTER8,8,ITGA8,1.820754569464,0.88318017364766,0.8767453495247193
gene14.fasta,1878,0.254310630312397,0.24673805055745698,0.244022519041837,0.25492880008831,CLUSTER8,8,ENTPD4,1.4758795313323998,0.858878486148213,0.9648841045229613
gene140.fasta,3174,0.25115750603607395,0.274137196420963,0.262050845050419,0.21265445249254397,CLUSTER2,8,DPYSL2,1.0827291713829,0.8927315458794252,1.0674338384980795
gene141.fasta,7612,0.292690948532242,0.252447430110913,0.253301144116721,0.20156047724012502,CLUSTER2,14,YLPM1,1.127795569836,1.06139834649041,0.8639634685729309
gene142.fasta,1641,0.261980993037557,0.243914214565228,0.25057173349595996,0.243533058901255,CLUSTER4,5,AGXT2,1.897156159748,0.8589897549702941,0.9437439379243432
gene143.fasta,2935,0.299869098265552,0.23907416773272197,0.25838217356379994,0.202674560437926,CLUSTER3,19,GPATCH1,2.0369508845548703,0.994026562549109,0.8294558261818539
gene144.fasta,5588,0.269694418975184,0.25972884005471303,0.251371582317486,0.219205158652618,CLUSTER3,0,TRPM3,1.2764031940256002,0.984702239079772,0.9475546885885469
gene145.fasta,6313,0.259013282732448,0.281827470442271,0.25916654502992303,0.199992701795358,CLUSTER3,21,DSCAM,1.3406553439008,0.8708677215388959,1.044336432797971
gene146.fasta,5271,0.291125997290381,0.247516182447689,0.27611771789853995,0.18524010236339003,CLUSTER4,10,NRAP,1.6117943010359999,0.8510371473116879,0.8993252152330714
gene147.fasta,3476,0.311117605798457,0.209679682020108,0.24189852700491,0.23730418517652602,CLUSTER4,2,MYO1B,1.220183243373,0.993917213170872,0.7257355427798449
gene148.fasta,2626,0.30842627013630697,0.20741945477075602,0.24495043370508102,0.239203841387856,CLUSTER6,0,PDE6C,1.6454270250755,0.8766475942657441,0.733351747689837
gene149.fasta,NA,0.305578576276644,0.22366627699141398,0.26306738454727197,0.20768776218466897,NA,0,NA,NA,NA,0.7964132621294107
gene15.fasta,2588,0.27893207019054805,0.237546714239577,0.26106147055657203,0.222459745013303,CLUSTER1,0,PYGL,1.3357933905621,0.86109478235451,0.8937806693499472
gene150.fasta,1963,0.23057919297282503,0.235495221221271,0.23918848102213502,0.29473710478377,CLUSTER4,12,SLC5A12,1.972199927389,0.880278059280982,1.0293290043290029
gene151.fasta,3729,0.251950734823564,0.23091086685603301,0.260629399678901,0.256508998641503,CLUSTER2,3,SF3B3,1.0564433079034001,0.89477419477768,0.9754690076199811
gene152.fasta,1425,0.240158636897767,0.261603995299647,0.273883666274971,0.224353701527615,CLUSTER6,4,ENPP6,2.1140969929558997,0.8504600778246999,1.1148623853211024
gene153.fasta,5910,0.30867867567213697,0.20707447996488199,0.20854544194320998,0.275701402419771,CLUSTER3,15,DENND4A,1.4545066243184,1.17013477563221,0.6732242209525717
gene154.fasta,2893,0.254223090883708,0.246823956442831,0.25524687049188,0.24370608218158105,CLUSTER3,0,TRPC3,1.1756832310496999,0.995759876805087,0.987461101958631
gene155.fasta,2491,0.28662361962064803,0.24061708918809802,0.23938804710716502,0.23337124408408802,CLUSTER2,14,GPHN,0.5690172261409,0.9603465900698721,0.8373439999999986
gene156.fasta,2181,0.28291925465838497,0.25881211180124203,0.250329968944099,0.207938664596273,CLUSTER2,11,Rnf214,1.109855585643,1.11402589389977,0.8998010428100982
gene157.fasta,1620,0.259779288599862,0.25187210562617,0.28736821361710496,0.200980392156863,CLUSTER8,8,DPYS,1.8415893888705,1.0671412233364002,1.0378816612933812
gene158.fasta,2015,0.25212315389848394,0.2233755403893,0.21343457174833802,0.31106673396387896,CLUSTER6,1,SLC13A1,1.900036086847,0.8438007634088441,0.8662633823657412
gene159.fasta,1288,0.309401760945604,0.213846339404173,0.200880472801833,0.27587142684839006,CLUSTER6,8,MTERFD1,1.8906934191796,1.0437872796249401,0.6702075821070055
gene16.fasta,2807,0.35904050690201395,0.190767141887305,0.189439541374368,0.260752809836313,CLUSTER4,11,Klp67A,1.7579943845900001,1.04326707017026,0.5294760284045549
gene160.fasta,NA,0.300134025224234,0.197917454208048,0.207168631224441,0.294779889343276,NA,0,NA,NA,NA,0.6748419895575718
gene161.fasta,3847,0.283802236864921,0.18930986648170603,0.22135642448413398,0.305531472169239,CLUSTER4,3,ATP13A3,1.2948911896766,0.980112647508145,0.7235078474052011
gene162.fasta,2450,0.34779126255854903,0.179467534954989,0.222388605456983,0.250352597029479,CLUSTER4,3,Ttc14,1.4614295848057,1.0172782971238101,0.5777260438570123
gene163.fasta,1237,0.30668419375398304,0.208771510516252,0.22956500956022896,0.25497928616953497,CLUSTER4,6,SUPT3H,1.541998204018,1.10606233592795,0.714638264709702
gene164.fasta,2819,0.288319475782771,0.219222328686675,0.24611318888511102,0.24634500664544198,CLUSTER1,2,MCTP2,1.782339114452,0.9276713014316129,0.8069789879931394
gene165.fasta,1462,0.31660573180799606,0.24227503243307003,0.22443684396744895,0.216682391791485,CLUSTER1,8,LETM2,2.1998235712253,0.9237156237273342,0.7370553175637926
gene166.fasta,2926,0.21772574167638298,0.25953815261044194,0.256995724834823,0.265740380878352,CLUSTER5,9,TMEM245,1.4344466829499998,0.925531147311847,1.186203049460766
gene167.fasta,3452,0.297779286395029,0.24400433437340902,0.226993224277713,0.231223154953849,CLUSTER8,15,IQCH,2.39483977596,1.0133663820581,0.7908501030295045
gene168.fasta,2904,0.28204095720202504,0.263086746433502,0.24122756557754302,0.21364473078693,CLUSTER6,12,E2f7,2.2978620600261,0.9409810410008629,0.8940444625739344
gene169.fasta,7144,0.287909614041846,0.239219415886163,0.24203645294103499,0.230834517130956,CLUSTER6,1,PLCE1,1.6353044873032,0.8536269426719741,0.8357759611967146
gene17.fasta,2433,0.295844254586927,0.211588867324276,0.267932531663299,0.22463434642549898,CLUSTER4,7,Scin,1.562557567567,0.9042930588541039,0.8104287839848496
gene170.fasta,6105,0.32778949898515103,0.19522486913791298,0.209512872556351,0.267472759320585,CLUSTER2,19,INSL3,1.0755894797363001,1.00864185587544,0.617374478052756
gene171.fasta,3768,0.29442245328963296,0.20678353394652102,0.21525429596888698,0.283539716794959,CLUSTER6,0,MAN2A1,1.8943458830614999,0.9193049362582659,0.7167215428033874
gene172.fasta,1928,0.22668904924894798,0.23942095968955104,0.23691381979114398,0.296976171270357,CLUSTER4,11,FDXACB1,1.41033996825133,1.0596982017365302,1.05063473744951
gene173.fasta,2614,0.250277999655437,0.24171091168225,0.279816441917649,0.228194646744663,CLUSTER4,6,CMTR1,1.3390784017139,1.02982210197991,1.0418961201501864
gene174.fasta,6330,0.312333484496344,0.24226234340456895,0.23983901139391198,0.205565160705175,CLUSTER2,10,KAT6B,0.9359057990776,0.940537005330533,0.7717734068377227
gene175.fasta,2057,0.234334780437205,0.27922701602059197,0.28422144531099897,0.20221675823120397,CLUSTER3,10,Hspa12a,1.2571075677605,0.828408827085927,1.202229690958272
gene176.fasta,7703,0.250888967783019,0.307061588138831,0.264875769922177,0.17717367415597401,CLUSTER4,0,Scn7a,1.3778877206294,0.8748587062412259,1.1398216571954796
gene177.fasta,917,0.258876581585745,0.254804956000175,0.283087430497789,0.203231031916291,CLUSTER4,18,ANKRD29,1.686011108656,0.820087984222163,1.0388973448334173
gene178.fasta,4656,0.275247205213946,0.241073269563502,0.234421364985163,0.24925816023738898,CLUSTER3,5,SLIT3,1.3584967636841,0.8868326708992049,0.8637592417679034
gene179.fasta,3625,0.28230713408507296,0.238598303003238,0.26378809869375897,0.21530646421792998,CLUSTER1,8,PTK2,1.4411230664749,0.9799045668238521,0.8897869395422423
gene18.fasta,2592,0.235054920950951,0.29650564395025897,0.269239205628765,0.199200229470025,CLUSTER8,14,Trim9,1.267256848487,0.7954066684067379,1.2034311966118723
gene180.fasta,6843,0.30069357112914896,0.20610240971507698,0.221955464095626,0.271248555060148,CLUSTER6,12,KNTC1,1.944188971824,0.9894910588326709,0.7117842130832431
gene181.fasta,4137,0.287934318963018,0.212003561519029,0.234635772559738,0.265426346958214,CLUSTER3,15,FANCI,1.8864690201140002,1.29686490838745,0.7755923914997658
gene182.fasta,993,0.24330527926549397,0.26993842678617,0.23754873028017603,0.24920756366816,CLUSTER4,10,TECTB,1.3440984574380002,0.817982956832556,1.0429020664869701
gene183.fasta,982,0.244066815513107,0.23931199867692102,0.243074505912511,0.273546679897461,CLUSTER3,2,Rhbdd1,2.178425757628,0.9776064027929491,0.9882263255971532
gene184.fasta,1890,0.27063890882986397,0.21984924623115598,0.279657214644652,0.22985463029432895,CLUSTER6,0,C8A,2.52438641741611,0.8059538908837679,0.9228282493368695
gene185.fasta,2100,0.240371444686166,0.276508742244783,0.29429538312787,0.188824429941181,CLUSTER4,5,DPYSL3,1.1979118142774,0.9154476980908131,1.1873376351294698
gene186.fasta,NA,0.300613624221299,0.20747553024290805,0.21754353204799,0.274367313487803,NA,0,NA,NA,NA,0.7069191614183411
gene187.fasta,NA,0.300613624221299,0.20747553024290805,0.21754353204799,0.274367313487803,NA,0,NA,NA,NA,0.7069191614183411
gene188.fasta,3992,0.252733588194188,0.289760348583878,0.290962716323427,0.166543346898508,CLUSTER3,1,BRPF1,1.0022846103533,0.950890618836885,1.1488838287317513
gene189.fasta,3992,0.252733588194188,0.289760348583878,0.290962716323427,0.166543346898508,CLUSTER3,1,BRPF1,1.0022846103533,0.950890618836885,1.1488838287317513
gene19.fasta,4144,0.28291663111187,0.25606920385698395,0.25920513695707803,0.20180902807406798,CLUSTER4,133,FKBP15,1.8865302088321998,0.9148910924463549,0.9106469612426458
gene190.fasta,7055,0.257138223812999,0.266219550335337,0.247634105941087,0.229008119910577,CLUSTER2,17,PRPF8,1.0791986456239,0.8632825482155329,0.9991778908959846
gene191.fasta,7805,0.256802756067462,0.27138523241464396,0.288368983957219,0.183443027560675,CLUSTER5,15,Tln2,1.3380202568133999,0.8140753325058371,1.0898524317722191
gene192.fasta,2018,0.301980302869851,0.22751244307953,0.22370009530869397,0.246807158741925,CLUSTER4,7,SHFM1,1.7096543699324,1.0051002926841799,0.7470893533454892
gene193.fasta,2300,0.247883872183995,0.248732208502215,0.277179753039872,0.226204166273918,CLUSTER4,5,ACSL6,1.590715394213,1.01700296977355,1.060803102897558
gene194.fasta,1951,0.31772214481549704,0.21205447435839803,0.21153759719537998,0.258685783630725,CLUSTER4,0,NR2C1,1.2555379038236,1.18481646776883,0.6666077238647626
gene195.fasta,2373,0.305179098637641,0.188240315868104,0.24904848290826298,0.257532102585992,CLUSTER3,2,DDX1,1.2360085552431999,1.20190292332311,0.7164461798473106
gene196.fasta,1842,0.294370305716976,0.190091186806624,0.22707122677263,0.288467280703769,CLUSTER2,17,APPBP2,0.7234486634020999,1.06228727966399,0.7085674157303372
gene197.fasta,2243,0.306876573791635,0.20697279259729395,0.254427088664606,0.23172354494646502,CLUSTER3,13,SPG20,2.0942657261099997,1.3042315855038702,0.7517678452301545
gene198.fasta,5707,0.306817271489225,0.192997021403654,0.221996460641017,0.278189246466103,CLUSTER2,0,BTAF1,0.8852394600812,0.8883044859329301,0.6762876809874196
gene199.fasta,2243,0.328167646681687,0.22045758458353895,0.22573317946181604,0.225641589272957,CLUSTER1,0,PIK3R1,1.2685267107003,0.89099235916833,0.6798213787329055
gene2.fasta,4114,0.30591058373750607,0.27351574494911,0.20744491555582698,0.213128755757557,CLUSTER2,11,C11orf30,0.7293005736421,1.12469160839091,0.7861131423253352
gene20.fasta,4939,0.20995484068296696,0.31038484374156605,0.266745830409672,0.21291448516579398,CLUSTER4,0,ABCC8,1.3116566636164,0.83374970359249,1.3744162132053643
gene200.fasta,2130,0.259228604535673,0.24697897699056398,0.263808420239475,0.22998399823428797,CLUSTER4,10,RHOBTB1,1.4454303915491997,0.8566896292866379,0.9852064708386541
gene201.fasta,3023,0.26802792129273395,0.250989337144113,0.232590414422337,0.248392327140816,CLUSTER2,0,TRPC5,1.0188230481515,1.02001398312941,0.9021070439864645
gene202.fasta,3448,0.27884047005414603,0.228394769820065,0.253126995010995,0.23963776511479395,CLUSTER6,2,EIF2AK3,1.7961075516333003,0.946186737249545,0.8634359365725441
gene203.fasta,486,0.220462259576531,0.28357847098755495,0.23896880556004502,0.256990463875869,CLUSTER4,13,ALOX5AP,1.6952667106632,0.8176297802627479,1.1851173020527888
gene204.fasta,2974,0.313636014442652,0.20413305677191396,0.22636552200968002,0.255865406775755,CLUSTER2,1,EPS15,1.1391221877765,0.9143083575760579,0.6863028462254455
gene205.fasta,4326,0.27939519581774797,0.302604894317004,0.23988237414935298,0.178117535715895,CLUSTER3,1,AFF1,2.72999317047,1.18394603174792,0.9708242600209676
gene206.fasta,2920,0.317553771711465,0.203857018991413,0.211576650910413,0.267012558386709,CLUSTER4,5,IL6ST,1.7872014224700001,1.0390565216502499,0.654115471000131
gene207.fasta,5435,0.294350755909361,0.22471282427289496,0.269831709786669,0.21110471003107398,CLUSTER1,10,ERCC6,2.4528843966392997,0.94371208377574,0.8400599015479483
gene208.fasta,1007,0.228266707588429,0.24906007826287102,0.23363768894345102,0.289035525205248,CLUSTER1,4,Slc35b4,1.5321063178104999,0.993655402486897,1.0573109243697487
gene209.fasta,2168,0.276292764021349,0.198661300201242,0.250349986875492,0.274695948901916,CLUSTER8,2,GLS,1.2231115484358002,1.0615681148377298,0.8125643258649349
gene21.fasta,4215,0.32845197843370194,0.225063967833318,0.221580005482957,0.22490404825002303,CLUSTER4,8,MTUS1,2.639097767605,1.0138104383698399,0.67992279335049
gene210.fasta,3074,0.259527352180266,0.241055749922923,0.31535770297985305,0.184059194916958,CLUSTER3,12,SART3,1.902131384109,0.8523588042787859,1.0719745880894567
gene211.fasta,2178,0.266843890365753,0.283105692547438,0.24225868548904603,0.207791731597763,CLUSTER4,20,PAK7,1.419797547932,0.863325519620388,0.9844039848849202
gene212.fasta,2545,0.258825678020272,0.254679937905214,0.264487261437312,0.222007122637202,CLUSTER4,13,Lnx2,2.0916046265836,1.0002741980174301,1.002928309342366
gene213.fasta,6765,0.267222358421182,0.24695391027212601,0.241897523902917,0.24392620740377502,CLUSTER4,9,FREM1,2.0211338225643,0.8739958475145041,0.914690366972476
gene214.fasta,3902,0.283658684952718,0.223746059835204,0.211126472377371,0.281468782834707,CLUSTER4,6,GPR126,1.8873366519228998,0.9501395601439491,0.7665418957382923
gene215.fasta,2396,0.232567049808429,0.271630851241046,0.28064301182742,0.215159087123105,CLUSTER4,1,EPRS,1.510144369275,0.906958177540705,1.187343313516225
gene216.fasta,2336,0.296389885317453,0.259104804650916,0.25751444575992605,0.186990864271704,CLUSTER9,12,SOX5,0.9878218647633001,1.25505058144688,0.8715197042866509
gene217.fasta,2403,0.31266681093558396,0.215537762389093,0.256997042487196,0.214798384188127,CLUSTER6,1,MAATS1,2.0721584779480002,0.955359255094093,0.7556523243742063
gene218.fasta,2888,0.27719189732488,0.259285603834854,0.244502860677285,0.219019638162981,CLUSTER6,1,ORC1,2.404833418358,0.9698745741777851,0.908735914314405
gene219.fasta,1064,0.25425854744082504,0.221727695731337,0.23143839773417,0.292575359093668,CLUSTER4,16,SLC25A16,1.3189343290305,1.1649578900171698,0.891152132399747
gene22.fasta,1116,0.27035498489426,0.25226586102719,0.262915407854985,0.214463746223565,CLUSTER3,5,IL12B,2.39425751168511,1.03004812007672,0.9527867020533585
gene220.fasta,1377,0.24786605384110297,0.250191507988619,0.25919238345371,0.242750054716568,CLUSTER4,16,TAT,1.6111252745159999,1.00276035775111,1.0275386313465793
gene221.fasta,1505,0.296473635076942,0.20646249284789397,0.244165386816033,0.252898485259132,CLUSTER4,6,Lace1,1.2933909057621,1.07339572496653,0.75997968511935
gene222.fasta,2304,0.284402969408981,0.236312284116715,0.239995419934734,0.23928932653957002,CLUSTER5,0,NA,1.621928591124,1.1035890321138,0.8373817352210949
gene223.fasta,3435,0.31166226279125603,0.20366322363679998,0.215181359596445,0.269493153975498,CLUSTER8,5,LIFR,2.3214880431984,1.0254903698575,0.6719526764037151
gene224.fasta,2881,0.2377426194748,0.241657152177459,0.23749796118088398,0.283102267166857,CLUSTER6,9,ERMP1,1.7906610639006,1.07283346864363,1.007718166849617
gene225.fasta,2353,0.395729642718375,0.17421873554498898,0.20139878254112198,0.22865283919551502,CLUSTER8,13,PIBF1,1.4671353142752999,0.9515297306501921,0.47458855432953123
gene226.fasta,7924,0.256317032163299,0.263394293275388,0.262514187905531,0.21777448665578197,CLUSTER8,12,STAB2,2.571774782742,0.9957520592310349,1.0258945274574338
gene227.fasta,2323,0.27704476066346506,0.21694727633059,0.22430323697977103,0.281704726026174,CLUSTER2,14,SEC23A,0.9439519940026,0.9954157229712759,0.7963523877038083
gene228.fasta,5862,0.27581474622416696,0.24167545911327898,0.253945533560092,0.228564261102462,CLUSTER4,20,ARFGEF2,1.3687000023343998,1.00546590773326,0.8984671767160659
gene229.fasta,2982,0.32698626447616497,0.199636412604363,0.283328844600054,0.19004847831941798,CLUSTER4,3,RNF20,1.188960805271,1.00418196510107,0.7385100074128982
gene23.fasta,1333,0.312723328228688,0.21780883103624302,0.256444614599285,0.213023226135784,CLUSTER6,15,CASC4,1.3379456974005,1.04872429506922,0.7582636196694551
gene230.fasta,3055,0.22079154589991504,0.274924974991664,0.278541565137097,0.22574191397132395,CLUSTER4,1,EMC1,1.4499406585699999,0.9132917765637909,1.253368959107809
gene231.fasta,1710,0.26532560192807897,0.24602095115374498,0.28737442432051896,0.20127902259765698,CLUSTER5,14,TRAF3,1.5019379246329998,0.779315652107052,1.0051713283568653
gene232.fasta,980,0.287515660995029,0.255627854342642,0.244028614153498,0.21282787050883104,CLUSTER3,1,PITPNC1,1.4868908246083001,1.0001286389964998,0.8689204385718292
gene233.fasta,4906,0.21764529938496602,0.30269381040509996,0.28216776026769896,0.19749312994223497,CLUSTER4,16,EDC4,1.424568403763,1.07848842882761,1.3436117672321264
gene234.fasta,1456,0.302695680415719,0.20266320233842203,0.23549312547363896,0.25914799177222,CLUSTER4,13,HSPA13,1.5333652487963,0.971584398988385,0.7237571530758249
gene235.fasta,2552,0.28546803277101,0.24452363889911105,0.24026263291433397,0.22974569541554504,CLUSTER4,13,LRCH1,1.81645100170522,0.924497381993567,0.8491078092136491
gene236.fasta,NA,0.259665835808834,0.23884886354582802,0.24891590125311602,0.252569399392222,NA,0,NA,NA,NA,0.9392162878870913
gene237.fasta,NA,0.338769651857539,0.21690310090457,0.21010714643345899,0.234220100804433,NA,0,NA,NA,NA,0.6302368659598784
gene238.fasta,1117,0.244822644213544,0.261626657112146,0.238910784664995,0.254639914009316,CLUSTER6,6,C6orf89,1.8411011604890002,1.13638478100428,1.0222449875603672
gene239.fasta,3564,0.294353559613903,0.227149136719989,0.21849367834322697,0.26000362532288,CLUSTER4,8,KIAA0196,1.308583593406,0.9674890945512231,0.7569856054191355
gene24.fasta,2896,0.22628070626186497,0.28064916713056104,0.292724703464223,0.200345423143351,CLUSTER6,5,ADAMTS5,1.6831525698056,0.8827691022839542,1.266952627262978
gene240.fasta,798,0.24038243946594298,0.25961756053405705,0.27268612808327697,0.22731387191672303,CLUSTER1,16,GINS3,1.62309679161581,0.9905598247367579,1.1072016945163543
gene241.fasta,3197,0.2949938984192,0.21183005344143202,0.234973980615208,0.258202067524161,CLUSTER6,13,FLT3,1.9572111500478997,0.92768698418655,0.7573106366791879
gene242.fasta,3197,0.2949938984192,0.21183005344143202,0.234973980615208,0.258202067524161,CLUSTER6,13,FLT3,1.9572111500478997,0.92768698418655,0.7573106366791879
gene243.fasta,4710,0.299107835885635,0.215178661114612,0.217059785040499,0.268653717959254,CLUSTER4,15,AQR,1.255899597723,0.9724246548952009,0.7225461761563127
gene244.fasta,1729,0.24276232842495898,0.267740324000285,0.24033589456907,0.24916145300568499,CLUSTER2,11,ATG13,1.121018003619,0.92569607145815,1.0464478196962261
gene245.fasta,1200,0.250409690060563,0.241681510509441,0.22739579622372602,0.28051300320627,CLUSTER4,2,Cers6,1.3458302905001,1.1079725980306299,0.9366197183098586
gene246.fasta,4767,0.26908532387055806,0.258450293946295,0.28196599756368795,0.19049838461945898,CLUSTER6,18,FHOD3,1.6039654400708,0.819721717185664,1.0041727355036782
gene247.fasta,991,0.30982654422729805,0.24185699709598898,0.19684483164586802,0.25147162703084497,CLUSTER3,12,EPYC,1.63151669820726,0.959762223221822,0.7079797340088656
gene248.fasta,2305,0.297425451059605,0.245574994008696,0.223321578965387,0.23367797596631198,CLUSTER2,17,ANKFN1,1.0514711159214,0.9309312031612429,0.7882589928057547
gene249.fasta,2470,0.252389128251644,0.272393015646765,0.268554212964463,0.206663643137128,CLUSTER3,4,PCDHGB4,1.2873829398199,0.897798651718228,1.071653189577718
gene25.fasta,2149,0.324135774724953,0.20811756199558398,0.22912473374631195,0.23862192953315198,CLUSTER4,0,EFHB,2.351950602834,1.06256742775638,0.6744739856514143
gene250.fasta,2803,0.261414474727925,0.30028238728305395,0.251737157724403,0.18656598026461899,CLUSTER3,16,ARHGAP17,1.792323405719,0.9016100583979408,1.0558320184488406
gene251.fasta,2803,0.261414474727925,0.30028238728305395,0.251737157724403,0.18656598026461899,CLUSTER3,16,ARHGAP17,1.792323405719,0.9016100583979408,1.0558320184488406
gene252.fasta,1552,0.237275850961022,0.250859014281112,0.213465048856437,0.29840008590142797,CLUSTER1,12,LPCAT3,1.8057930056601,1.04249876199071,0.9784477882113357
gene253.fasta,4735,0.293704404215077,0.28307383139692,0.251612739800054,0.171609024587949,CLUSTER4,18,SETBP1,1.37895379701659,0.974034451495336,0.910246090156394
gene254.fasta,2587,0.268237786310075,0.23914338673374802,0.260062226929697,0.23255660002648,CLUSTER4,6,Kdm1b,1.6657945696821002,1.00940901143888,0.9305281342546907
gene255.fasta,4039,0.265699025317602,0.248720037820493,0.244575877365038,0.24100505949686699,CLUSTER4,16,PHLPP2,1.4906909898232998,0.8910473263125122,0.9282983153511238
gene256.fasta,1417,0.31000933763065197,0.23994698635501102,0.21822946474291396,0.231814211271424,CLUSTER1,5,GRAMD3,1.8216209673261001,0.944636656591523,0.7389720171006602
gene257.fasta,937,0.249787113255748,0.246437695146182,0.20794777178541002,0.29582741981266,CLUSTER3,6,ADTRP,3.294386318024,0.9209827529930309,0.9095454545454534
gene258.fasta,2423,0.263525870300539,0.241386007218113,0.26721584748094296,0.22787227500040502,CLUSTER1,20,CSRP2BP,1.8084920557433,1.08932533493836,0.9649941656942812
gene259.fasta,1564,0.287845934379458,0.252296718972896,0.24544935805991397,0.21440798858773197,CLUSTER4,6,CDK19,1.2065068773872,0.9798751056610809,0.8646050153632662
gene26.fasta,2568,0.298035930373266,0.218858791771386,0.243246765335567,0.23985851251978,CLUSTER1,7,RAPGEF5,1.5840103973323998,1.02054615724419,0.7752514210756453
gene260.fasta,4137,0.304187406097648,0.24217863676781698,0.21573777864085603,0.23789617849367897,CLUSTER6,12,Atf7ip,1.958801716343,1.1717847753913602,0.7526879913984277
gene261.fasta,1089,0.35722449581536,0.19603288721749104,0.20403347712273698,0.242709139844413,CLUSTER3,4,Rassf6,1.909294305846,0.90614670179958,0.5599649086593042
gene262.fasta,5714,0.266701377176129,0.24019916988105497,0.27261927459923996,0.220480178343575,CLUSTER6,1,LAMB1,1.6603487882030001,0.8564082604189399,0.9614094421072875
gene263.fasta,989,0.37880346905776896,0.161105394678818,0.266059091577245,0.194032044686168,CLUSTER3,2,Gpatch11,1.9146776676483,1.53594632497778,0.5638339154055091
gene264.fasta,2220,0.33624484662147996,0.17114457410383602,0.247379638040668,0.245230941234016,CLUSTER6,2,MTIF2,1.6536075265163002,0.9929411358525629,0.6223503740648376
gene265.fasta,2176,0.261652148015784,0.231386345022709,0.26695703968431195,0.24000446727719502,CLUSTER1,20,DHX35,1.3823316336291,0.905647379725456,0.9523013445258601
gene266.fasta,2480,0.28592668382599795,0.252753752937603,0.243625201835302,0.217694361401097,CLUSTER2,5,ARHGAP26,1.0250447991405,0.9039756946737991,0.8680178920883418
gene267.fasta,1544,0.305375015445447,0.20328679105399697,0.245916223897195,0.24542196960336105,CLUSTER2,3,PDIA3,1.0779834877538,0.960082075466033,0.7354940519543565
gene268.fasta,2350,0.35447355321620205,0.19361737431094603,0.255065356464667,0.196843716008186,CLUSTER4,1,SDCCAG8,1.7904706112734,0.9522624352104759,0.6328860456649505
gene269.fasta,971,0.242646719305536,0.22440781271644297,0.252666574317773,0.280278893660248,CLUSTER2,4,GPM6A,1.12722169404079,1.15300410603651,0.9830637488106594
gene27.fasta,1438,0.251630237049061,0.28599815286445895,0.221992107693599,0.24037950239288003,CLUSTER4,55,GORASP2,1.4065630730471999,0.9417941598267621,1.0093982871760634
gene270.fasta,3573,0.30429990873241397,0.21151693616435102,0.245699230252622,0.238483924850614,CLUSTER4,6,L3MBTL3,1.4096725956332,1.07765386519758,0.7512591251202542
gene271.fasta,2863,0.282362012278507,0.22521749250778303,0.24204952137100302,0.250370973842707,CLUSTER4,0,GANC,1.6611118376196998,0.925270564352863,0.8274254211963515
gene272.fasta,2245,0.246674571520966,0.28714023930149796,0.270216664870109,0.195968524307427,CLUSTER3,1,GRHL3,1.8630473366370002,0.760072202462575,1.1297413039678363
gene273.fasta,3265,0.34976004953816,0.17729242994994604,0.21497497290881898,0.25797254760307503,CLUSTER6,10,KIF11,1.6045473874121001,0.9804348734997679,0.560766450280319
gene274.fasta,1690,0.25673434516031796,0.243768217911348,0.23411900693537,0.265378429992964,CLUSTER1,9,TYRP1,1.7654059627016,0.9084152484802229,0.9307037290789842
gene275.fasta,1149,0.362534741523068,0.21263664999073603,0.222234574763758,0.20259403372243803,CLUSTER10,5,HOMER1,0.9434751595485,1.3913511826300902,0.5997648982929589
gene276.fasta,2019,0.30513072453861895,0.23111756664388197,0.236051777170198,0.22769993164729999,CLUSTER2,5,CLINT1,0.9761075715104429,1.08262192121457,0.7655232761638079
gene277.fasta,2435,0.262660102169246,0.257958836159029,0.27228474124527996,0.20709632042644602,CLUSTER8,7,SMURF1,1.680355790023,0.9205851762526791,1.0093721372700992
gene278.fasta,2102,0.30851124072710806,0.18840251429865804,0.24235045397059102,0.260735791003643,CLUSTER4,6,HBS1L,1.3762137421168,1.0102249685737,0.6981155163974547
gene279.fasta,7128,0.23911440431023198,0.27125679420545,0.258405785035502,0.23122301644881602,CLUSTER6,0,ABCA4,1.751100365404,0.894221648066048,1.1075505483846904
gene28.fasta,1281,0.297621996532078,0.21148129799356,0.2160639088432,0.274832796631162,CLUSTER6,13,CPB2,2.139412184417,0.8471257067798158,0.718268830628382
gene280.fasta,3034,0.273829104322693,0.239927822046213,0.25650320169905605,0.229739871932038,CLUSTER4,14,DDHD1,1.3645309667958998,1.0427481002588899,0.9064613949148582
gene281.fasta,5345,0.29980413786893,0.201085121231905,0.232910841456734,0.26619989944243105,CLUSTER4,6,UBR2,1.3421119507881,1.10844449219267,0.7237991539636048
gene282.fasta,3418,0.281176085295295,0.201787901944374,0.23749742246158,0.279538590298752,CLUSTER2,0,SLC4A10,0.9315912834272,0.9452318382160569,0.7811569820111312
gene283.fasta,6520,0.29162135537274697,0.211500326241316,0.258696569988358,0.23818174839757897,CLUSTER8,9,MPDZ,1.688552478741,0.967446707829686,0.8061770641396853
gene284.fasta,2657,0.27092813401409904,0.254608277159913,0.25193971833593,0.22252387049005803,CLUSTER1,8,MCM4,1.8589045401392998,0.902016159098677,0.934838305625141
gene285.fasta,1466,0.285910111704144,0.20719223029136397,0.22521655437921104,0.281681103625281,CLUSTER6,1,TUBD1,1.5845938818991003,0.9272524410121229,0.7561970825257588
gene286.fasta,2960,0.268245729116162,0.28393177993896695,0.282462995180104,0.165359495764766,CLUSTER5,0,SFSWAP,2.0249691604030002,0.844502971562495,1.0557386635479247
gene287.fasta,1986,0.306187043711302,0.22493300064689004,0.261944367433694,0.20693558820811397,CLUSTER2,18,NOL4,0.925062190423,0.9443231559335791,0.7950652682411531
gene288.fasta,4968,0.23582764505119502,0.29179180887371997,0.258941979522184,0.213438566552901,CLUSTER4,1,PAPPA,1.4101755824587,0.8253662506209041,1.1676616375411524
gene289.fasta,1341,0.248174290341308,0.26351330705533704,0.322577688147401,0.165734714455954,CLUSTER6,10,Sh2d4b,1.7328864308087,0.939355100880249,1.180805220389069
gene29.fasta,5175,0.31493172808691805,0.217334188503118,0.23295906776190198,0.23477501564806197,CLUSTER2,3,PBRM1,0.8883008523706999,1.0219801409744,0.7149061464850939
gene290.fasta,4538,0.289971621916612,0.25816197336826,0.244077712289893,0.20778869242523498,CLUSTER8,17,SSH2,1.7073190075529998,0.9393225531775921,0.8660152368333883
gene291.fasta,5389,0.332707213847544,0.193510548924501,0.23091920680964398,0.24286303041831103,CLUSTER2,1,CDC42BPA,1.1123634504071003,1.00950888034067,0.637842730889254
gene292.fasta,1983,0.290205210304177,0.21722768571844395,0.233465704721708,0.259101399255671,CLUSTER5,11,MTMR2,1.3927548920641002,1.20166539786779,0.7765080957157181
gene293.fasta,2558,0.261939218523878,0.24917634017920398,0.259583705391508,0.22930073590541,CLUSTER6,17,Smyd4,2.479104504362,0.9198769291486291,0.9711414129540401
gene294.fasta,4584,0.285195430851164,0.2616533995747,0.236173055571238,0.216978114002898,CLUSTER8,3,YEATS2,1.718954714258,1.0333596839105201,0.8727812603101285
gene295.fasta,3182,0.313315086137498,0.21150646702087697,0.210513604894542,0.264664841947083,CLUSTER2,10,IDE,0.9715533181164999,0.9659904150694271,0.6734755053100379
gene296.fasta,2018,0.273152440406288,0.239301975812267,0.25943094958485297,0.22811463419659198,CLUSTER3,5,ITK,1.4554644866150002,0.985246376580809,0.9129205008296882
gene297.fasta,3792,0.24645078581263896,0.313648449741228,0.268363325578083,0.17153743886804998,CLUSTER3,2,CTNND2,1.16018587914,0.858041303646789,1.1807870147384678
gene298.fasta,2813,0.314904703565281,0.191306235752059,0.231813035993983,0.26197602468867803,CLUSTER4,20,rec,1.4812367487723002,0.9130204386103811,0.6718211366098692
gene299.fasta,978,0.293547026571067,0.19266132433572303,0.22016026992829998,0.293631379164909,CLUSTER6,0,GGH,2.550030497323,0.929784901160331,0.7031609195402289
gene3.fasta,3199,0.330176284879503,0.24138674824009304,0.26970213934153,0.158734827538875,CLUSTER6,6,TXLNB,2.6555416307906,0.8505644159496469,0.7739636536405752
gene30.fasta,2893,0.28830893273923197,0.20499328099582698,0.253285239408728,0.253412546856213,CLUSTER8,1,WDR3,1.4844646505011,0.950392082831774,0.7947698950053971
gene300.fasta,2027,0.289400808221707,0.24367679337012,0.22098914849535398,0.24593324991281898,CLUSTER2,6,EYA4,1.131208684103,0.863589397036043,0.8028069180606747
gene301.fasta,1776,0.32642900756188103,0.197454323423043,0.21847259405382605,0.257644074961251,CLUSTER2,1,RALGPS2,1.0092448069667,1.1917937481045702,0.6370863309352524
gene302.fasta,3196,0.32330091500259006,0.19322955631006503,0.24023134027737802,0.24323818840996697,CLUSTER4,2,SRBD1,1.4249617011061,0.954028344687432,0.6703675685297248
gene303.fasta,2092,0.235889711727543,0.25703945441613296,0.270135140789088,0.23693569306723603,CLUSTER6,17,NUP85,1.792806562065,0.9540710382901301,1.1174175239446589
gene304.fasta,4440,0.34165551789001397,0.19457213845271698,0.19772062003963298,0.266051723617636,CLUSTER2,5,ERBB2IP,1.0864116870926,0.990764202704938,0.5741056970410722
gene305.fasta,1245,0.26521111405757397,0.254191343292378,0.266242376027579,0.21435516662246998,CLUSTER8,0,KCNJ6,1.2207811472895,0.870557282765655,0.9811687590267758
gene306.fasta,3248,0.35567184334908797,0.194424245572119,0.24119617721913503,0.20870773385965802,CLUSTER6,10,NEBL,1.853388744864,0.9684089373362729,0.6123909313278102
gene307.fasta,2940,0.23648870943622,0.281112606550022,0.247973680275161,0.234425003738597,CLUSTER5,16,TXNDC11,2.0117125729971,0.916804383211507,1.118629062855695
gene308.fasta,NA,0.29060389882882504,0.226071033456682,0.207446686758479,0.27587838095601397,NA,0,NA,NA,NA,0.7458910943079204
gene309.fasta,3726,0.25745620068278197,0.25314192104243,0.238773494066302,0.250628384208486,CLUSTER2,0,KCNMA1,0.7944207131700001,0.8125222168424259,0.9553380610064096
gene31.fasta,3897,0.279530078145487,0.229275711963078,0.239167147427493,0.25202706246394296,CLUSTER6,0,ATP8B1,1.6411036173824998,0.852866273350582,0.837911366280162
gene310.fasta,3084,0.23979915579220298,0.268698099153033,0.263166606891605,0.22833613816315804,CLUSTER4,16,WDR59,1.3886000691391998,0.8831667142653291,1.1089795213989895
gene311.fasta,2823,0.272523868421418,0.248342760259599,0.259682866156177,0.21945050516280604,CLUSTER1,11,NELL1,1.591582212324,0.96431714899557,0.9320754716981141
gene312.fasta,2232,0.302479180626017,0.23038192782617004,0.259902364315114,0.207236527232698,CLUSTER6,6,RIPK1,2.8554898467442,1.00933663454211,0.8104430379746828
gene313.fasta,2159,0.293430135681981,0.24632230421328302,0.248916924541776,0.21133063556296103,CLUSTER8,18,SPIRE1,1.7825049901519998,1.1399407517831202,0.8438792893648086
gene314.fasta,1272,0.30309876251812395,0.203864180463297,0.28516033314226,0.20787672387631898,CLUSTER5,10,Rbm17,1.3602525860227999,1.0894610196363599,0.8067081989097786
gene315.fasta,823,0.21784489329268303,0.263290777439024,0.290158155487805,0.228706173780488,CLUSTER8,0,NDUFS3,1.742180501198,0.96471092366162,1.2702820905313787
gene316.fasta,4710,0.222465952898787,0.2584872725915,0.315501582175094,0.203545192334618,CLUSTER8,0,COL3A1,1.632688435181,0.981438680524078,1.290060000839175
gene317.fasta,2043,0.27003589722905696,0.20872827007623102,0.226918888395918,0.294316944298794,CLUSTER6,7,SLC26A7,1.6210982491909998,0.9000912455059878,0.8066467513069436
gene318.fasta,865,0.291452314998021,0.22403047091412698,0.274089829837752,0.210427384250099,CLUSTER5,1,Acbd6,1.558409717238,1.01945111056047,0.854548540393754
gene319.fasta,6592,0.318178168763692,0.199192540172273,0.22969020610870897,0.252939084955326,CLUSTER8,15,Unc13c,1.4847425082406003,1.0916483578965699,0.673966331422803
gene32.fasta,1796,0.33015354909893296,0.21349760941522603,0.19733817579992605,0.25901066568591397,CLUSTER2,10,SHOC2,0.8198910029259001,1.13476588208599,0.622188957738634
gene320.fasta,6517,0.354771825071356,0.193425412552082,0.220320855614973,0.23148190676158897,CLUSTER8,6,PHF3,1.697460894032,0.9477991786393442,0.5831160184209067
gene321.fasta,2415,0.28127534388168896,0.22097479526119101,0.26532559433887304,0.23242426651824802,CLUSTER8,14,SEL1L,1.352857047886,0.97497850632883,0.864456128448666
gene322.fasta,918,0.26759979741240403,0.243381371149685,0.244348266494774,0.244670564943137,CLUSTER6,5,Dtwd2,1.853418660445,0.987513524341958,0.9113041982105987
gene323.fasta,2318,0.378571974327628,0.18486399755501198,0.21955226161369196,0.21701176650366696,CLUSTER3,6,Lca5,2.197170232469,1.04837526065302,0.5341339119027199
gene324.fasta,1127,0.25370227464814604,0.255833608936905,0.24414801749164,0.246316098923309,CLUSTER4,3,Gxylt2,1.555767817628,0.9496277422883379,0.9853707995365004
gene325.fasta,4400,0.304306024342845,0.19073335378950598,0.234110667894037,0.270849953973612,CLUSTER6,5,YTHDC2,1.0157469803569998,0.993156290802751,0.6980539123420284
gene326.fasta,3333,0.26953389987296,0.240783452767123,0.26073979056945895,0.228942856790458,CLUSTER1,0,PDGFRA,1.861286126551,0.9880258057013341,0.9303528119708986
gene327.fasta,1599,0.247238805970149,0.23609452736318398,0.258880597014925,0.257786069651741,CLUSTER6,0,SLC1A1,1.6952591331979998,0.914955805349073,1.001006137438374
gene328.fasta,1957,0.292321943619866,0.24061559190719797,0.25114212930798496,0.21592033516495102,CLUSTER6,10,ENO4,2.372045283876,0.952173862667955,0.8411235145840816
gene329.fasta,2709,0.312422161903241,0.195321730799936,0.24108254829953701,0.251173558997286,CLUSTER8,4,SNX25,1.570464619508,1.02338245272851,0.6984208105483727
gene33.fasta,696,0.2887674559805711,0.249544626593807,0.258955676988464,0.202732240437158,CLUSTER4,6,EDN1,2.325212385671,0.864553962233948,0.8804667788057186
gene330.fasta,4449,0.296998294145227,0.225841205869737,0.23872988637610604,0.23843061360893,CLUSTER4,7,NRCAM,1.4496117169799998,0.8601984329239241,0.7821107080478312
gene331.fasta,3401,0.36514847486717406,0.17555749062961398,0.21917237723848101,0.240121657264731,CLUSTER4,9,SMC5,1.284813225678,1.03607317212641,0.5405059791249045
gene332.fasta,2267,0.298258851936391,0.243572088811756,0.235234196676162,0.22293486257569198,CLUSTER3,0,PDE4B,1.4465672136897,1.0061863299756801,0.8026690278919734
gene333.fasta,1464,0.276621685278063,0.222034414918673,0.238355177477902,0.262988722325362,CLUSTER6,2,SCARB2,1.885962361739,0.9496926093427179,0.8321646799559235
gene334.fasta,982,0.26077657124054,0.201628825271471,0.27291049687397195,0.26468410661401803,CLUSTER8,14,Nubpl,1.56338864548307,0.92263862168914,0.9098580441640374
gene335.fasta,1651,0.29360559917718204,0.21084715149386604,0.261696309861275,0.233850939467677,CLUSTER6,10,DNTT,2.0415746411848,0.9485302219716999,0.804724880382774
gene336.fasta,1905,0.26558692229722397,0.197739869309237,0.267053419310315,0.26961978908322404,CLUSTER7,4,KLHL8,1.55662369311409,1.42528555634588,0.8750304506699167
gene337.fasta,1113,0.243159040576555,0.291505574115086,0.251980030779625,0.21335535452873397,CLUSTER6,20,Ttpal,1.6267433527211002,1.1691385699561399,1.1175517134918178
gene338.fasta,3190,0.325854215601033,0.208152195071309,0.18441713492259196,0.281576454405066,CLUSTER8,11,C11orf82,2.8278018237339997,0.9563562847319751,0.6023695738749504
gene339.fasta,2040,0.285611584677005,0.222224504467495,0.24017664578412198,0.251987265071377,CLUSTER7,6,SERAC1,2.0337780586728997,1.0041467661935901,0.8094929881337646
gene34.fasta,2676,0.287077814143976,0.20333464708603896,0.24823071782305497,0.26135682094692997,CLUSTER6,9,Tmc1,1.241818074567,0.911074286581322,0.7864860025070132
gene340.fasta,3416,0.32992601246105896,0.20821164330218103,0.27812256619937703,0.183739778037383,CLUSTER8,12,ERC1,1.2585279704086,1.01174993228953,0.7370352611389802
gene341.fasta,2314,0.307793159295107,0.20587668221956598,0.23240658620290697,0.25392357228242,CLUSTER7,12,DNM1L,1.1698401217457,1.52975977623912,0.7119769481332985
gene342.fasta,702,0.225116501374119,0.24781933325367397,0.24214362528378502,0.284920540088422,CLUSTER6,1,Alg14,2.2249851128760003,0.885659871035323,1.088243099787683
gene343.fasta,3700,0.30376451742090504,0.26406688025630803,0.202943532238686,0.229225070084101,CLUSTER6,2,R3HDM1,1.0142960832280998,0.9457209083049871,0.7687046802900463
gene344.fasta,7585,0.27332922697875,0.247777789577647,0.294829179189278,0.184063804254325,CLUSTER6,0,SPTAN1,1.3448024917066002,0.8539653569165551,0.9925886352598328
gene345.fasta,1342,0.254685292732695,0.256380474022916,0.236226652016952,0.252707581227437,CLUSTER6,0,ACPP,2.432048949056,0.888762247601413,0.9670898557870082
gene346.fasta,1539,0.273779253801048,0.221005656167298,0.227102900731669,0.278112189299984,CLUSTER6,0,PIGA,1.4891737654048003,1.08490766115675,0.8183756633813495
gene347.fasta,2162,0.25251124363521105,0.22370376240762396,0.240524636934599,0.283260357022567,CLUSTER6,14,TMEM260,1.6175014027532,1.02035419992726,0.9192232247940371
gene348.fasta,1077,0.302771033260107,0.213512159401858,0.235364396654719,0.24835241068331598,CLUSTER6,0,OTC,1.1501727558436001,0.944058064919753,0.7412805498981675
gene349.fasta,2459,0.29365132571313596,0.19674521503033604,0.23105286092582003,0.278550598330708,CLUSTER6,9,PLAA,0.9793820385097,1.01514767913789,0.7284116203413061
gene35.fasta,1561,0.299572847511708,0.209407647573465,0.208764345633266,0.28225515928156,CLUSTER6,7,CYP7B1,2.7824626221267996,0.889069020702297,0.6979470881291869
gene350.fasta,1712,0.2781713497306911,0.20592215235214498,0.225185067261005,0.29072143065615996,CLUSTER6,2,ASB3,1.619356317274,1.04445064883759,0.7748950782144213
gene351.fasta,1614,0.286340804202045,0.244396848466305,0.236900481909279,0.23236186542237197,CLUSTER6,10,Plxdc2,1.5099118890728997,0.956953287127404,0.8404274265360652
gene352.fasta,2594,0.300642187844181,0.263178406221936,0.23662673466967102,0.19955267126421203,CLUSTER6,11,CD44,2.490562915169,1.02888321856042,0.8312292171560592
gene353.fasta,1901,0.295230629065407,0.219844481640782,0.234887810665932,0.250037078627879,CLUSTER6,0,GUCY1B3,1.3455588152563,0.9548270625121179,0.77013061576001
gene354.fasta,2378,0.223001033872466,0.288870976220933,0.29125413987067794,0.196873850035923,CLUSTER6,7,WDR91,1.5959201972762,0.7992392085725141,1.3007229294357976
gene355.fasta,2429,0.310915809447718,0.21999400778987305,0.223669230000999,0.24542095276141,CLUSTER6,10,DCLRE1C,2.2307802912407,0.876413829653398,0.7134780932802263
gene356.fasta,1387,0.284085714285714,0.201714285714286,0.2632,0.251,CLUSTER6,17,BLMH,1.1113191884659999,0.983606707548786,0.8182641054007858
gene357.fasta,2535,0.273227586861291,0.23242610662154298,0.23867284487530202,0.255673461641864,CLUSTER6,0,Gpam,1.5175364216445,0.898817231402522,0.8620999016032869
gene358.fasta,2178,0.30893251117271003,0.226659878184458,0.240934547717373,0.223473062925459,CLUSTER6,11,FCHSD2,0.9568153996169001,1.07227166333201,0.7567905755966556
gene359.fasta,2200,0.307460696883332,0.21471913211363397,0.2527581134504,0.22506205755263395,CLUSTER6,3,NEK11,2.506018295341,1.0311895127661501,0.7602227704268512
gene36.fasta,3227,0.24050815270774695,0.26127954947285703,0.275620457075503,0.222591840743894,CLUSTER6,0,EGFLAM,2.058438942439,1.1027686664126999,1.1161783925070787
gene360.fasta,636,0.29137236781305703,0.25744273549409197,0.228199881180276,0.22298501551257502,CLUSTER6,6,AKIRIN2,0.9444545854009999,1.2692949905223798,0.8333710919800633
gene361.fasta,1010,0.357606432915629,0.178211355565533,0.229152210294298,0.23503000122454,CLUSTER6,11,CHORDC1,1.053328269296,0.908429290787192,0.5695696838260477
gene362.fasta,1801,0.25585180769848,0.264999197597377,0.266397670739815,0.21275132396432697,CLUSTER6,10,HABP2,2.3156878284299998,0.846291593129155,1.0384856630824364
gene363.fasta,2080,0.298038278551411,0.200712563272577,0.24437878820794698,0.256870369968065,CLUSTER6,0,MAN1A2,1.304298272203,1.1454539209521901,0.746701654639551
gene364.fasta,2138,0.32590364780338393,0.205435725224643,0.27143568832223197,0.19722493864974103,CLUSTER6,6,CCDC170,2.311538176654,0.9552261359439151,0.7316141085885746
gene365.fasta,2690,0.33822594894527197,0.24076628590027696,0.234148080410422,0.186859684744029,CLUSTER6,5,FYB,2.366835278262,0.969634881988914,0.702066721657043
gene366.fasta,2899,0.295908889555737,0.212057558480159,0.243894771437962,0.24813878052614302,CLUSTER6,20,XRN2,1.0988922122846,1.0172800855981,0.7704268881591649
gene367.fasta,3069,0.25517231744967395,0.22696729670452498,0.24292080521911602,0.274939580626685,CLUSTER6,7,TNPO3,0.9553872334751999,0.902456689858211,0.9207270338333509
gene368.fasta,1591,0.262551586948131,0.245984382886494,0.245925002226775,0.2455390279386,CLUSTER6,3,GABRB3,1.282822622697,0.90911693693016,0.9367861585434814
gene369.fasta,2842,0.302418750133899,0.22722111532446398,0.298798123272704,0.171562011268933,CLUSTER6,17,Ttc25,2.914031933556,0.8407097199604,0.869686880136016
gene37.fasta,1809,0.269024679272502,0.236797362048534,0.2654696274924,0.22870833118656303,CLUSTER6,4,Galntl6,1.27232173845519,0.882843679605626,0.9334961218040796
gene370.fasta,2673,0.268073441285222,0.206218921331123,0.24741807981639702,0.27828955756725704,CLUSTER6,3,CLCN3,1.3774842006312,1.20159840419336,0.8461058263971478
gene371.fasta,1064,0.305643182614791,0.241456361724501,0.239309498773221,0.213590956887487,CLUSTER6,0,QKI,0.825007620842,1.4045459306731,0.7864822247706438
gene372.fasta,2315,0.2900606380174,0.24239388346954896,0.28078038491958895,0.186765093593462,CLUSTER6,16,TERF2,1.4543559471413703,0.9232985032868319,0.9018360298127629
gene373.fasta,1264,0.280444396505231,0.240103548700248,0.284255563944918,0.195196490849603,CLUSTER6,11,FEZ1,1.16346481434762,0.989735596520378,0.9348717948717962
gene374.fasta,2629,0.288020575111552,0.195076227069906,0.25079015865146304,0.26611303916708,CLUSTER6,4,PRMT9,1.6738028248063002,1.13245066153333,0.7740182894029055
gene375.fasta,1258,0.25061789421651004,0.239780980265409,0.29966918894254496,0.20993193657553502,CLUSTER6,6,GMPR,1.4744783117120002,0.750315024827674,1.0762403277196166
gene376.fasta,1689,0.256039342689217,0.251457358762145,0.28664987405541603,0.20585342449322303,CLUSTER6,4,PET112,2.071329673863,0.8832938275971371,1.0508291951653708
gene377.fasta,1641,0.27645214433756704,0.23175851623531896,0.22803847584630899,0.26375086358080496,CLUSTER6,10,ENTPD1,2.858486936783,0.9591865650859341,0.8316032295271044
gene378.fasta,1544,0.27544444444444394,0.216361111111111,0.32105555555555604,0.187138888888889,CLUSTER1,1,SDE2,3.1254014710923,0.9834960872319959,0.9755445744251741
gene379.fasta,1465,0.24833456698741702,0.25918123327449805,0.269600865455788,0.222883334282298,CLUSTER6,1,DLSTP1,1.4256823568441002,1.05298162212124,1.0646566548205896
gene38.fasta,2899,0.299769272529859,0.21798317046688395,0.221308360477742,0.260939196525516,CLUSTER6,1,CLCA2,2.1630611699269,0.9936985216222499,0.7327160773305569
gene380.fasta,3080,0.31503687517071804,0.214367659109533,0.23197213875990197,0.23862332695984698,CLUSTER6,2,EML4,1.2972068641681,1.03119918005854,0.7083929422985231
gene381.fasta,3307,0.31218121209687105,0.234668058958191,0.25373174290801503,0.199418986036923,CLUSTER6,11,FNBP4,1.5355782871842,1.15217655109392,0.7822376602770279
gene382.fasta,6114,0.305944442171583,0.223335924395532,0.24755553737266298,0.22316409606022197,CLUSTER6,13,LMO7,2.0870948138618,0.8894835510100161,0.7695702174320013
gene383.fasta,797,0.307194499216341,0.21179028262298397,0.223722129531321,0.25729308862935396,CLUSTER6,17,Tmigd1,2.446199634305,0.9200551884516379,0.7088545095457526
gene384.fasta,906,0.31891143911439096,0.18279520295203,0.23141143911439102,0.26688191881918805,CLUSTER6,5,C5orf51,1.589470484421,1.22559159270816,0.649407000289269
gene385.fasta,2977,0.262012792639506,0.29356902038629995,0.255868544600939,0.188549642373255,CLUSTER6,9,NEDD9,2.052996797994,0.7637190600921949,1.0484937766820996
gene386.fasta,2977,0.262012792639506,0.29356902038629995,0.255868544600939,0.188549642373255,CLUSTER6,9,NEDD9,2.052996797994,0.7637190600921949,1.0484937766820996
gene387.fasta,3927,0.280983119274195,0.248985160045252,0.258157538652647,0.21187418202790498,CLUSTER6,9,FOXE1,2.761118381065,0.916313687774207,0.9024433567537703
gene388.fasta,1506,0.296161558292753,0.23460326553996,0.237410484101977,0.231824692065311,CLUSTER6,4,MAPK10,0.8921581425655,1.29758195479512,0.7968855788761007
gene389.fasta,1869,0.285771000210177,0.22017234534457397,0.220429228649494,0.273627425795754,CLUSTER6,16,Itfg1,1.4299759723411998,1.18124255628772,0.7708997303260604
gene39.fasta,2141,0.298795409727007,0.192544370263014,0.24721423649884802,0.261445983511131,CLUSTER6,4,CFI,3.02243536038,0.97452460949081,0.7358858142493644
gene390.fasta,2622,0.32613466492796006,0.200216278108203,0.22251200661556603,0.251137050348271,CLUSTER4,0,POSTN,1.4639942004924,0.9542893947003921,0.6480885508094417
gene391.fasta,7123,0.30346185298482603,0.23687797195384197,0.23480631189992998,0.22485386316140196,CLUSTER6,6,ZNF318,1.839648544355,1.01203852740635,0.777172285765614
gene392.fasta,3664,0.26773010049449697,0.258956771414899,0.251406391237305,0.22190673685329898,CLUSTER6,3,FNDC3B,1.4562848963460002,1.01572970624557,0.953129965046075
gene393.fasta,3487,0.246056968680222,0.264262845126,0.257292392755455,0.232387793438323,CLUSTER6,0,GRIN3A,1.2577331206861002,0.940351283327885,1.0598261871608952
gene394.fasta,1576,0.304505366787448,0.18472687495727103,0.258802215081698,0.251965543173583,CLUSTER6,11,Ankrd42,1.5853092753343,0.9082946440491171,0.7282779524023346
gene395.fasta,1358,0.25206815656253895,0.237807136683541,0.294233856031609,0.21589085072231098,CLUSTER6,12,Amdhd1,1.890313160357,1.23726995733356,1.055351457261816
gene396.fasta,3519,0.28333148960753196,0.20258859102474303,0.24496970143933497,0.26911021792839,CLUSTER6,2,NCAPG2,2.1455744844097002,0.832759382660677,0.789813890937487
gene397.fasta,6651,0.288115779230533,0.229853904479522,0.24896975554960502,0.23306056074033898,CLUSTER6,10,MYOF,1.4536989226715002,0.865768394031002,0.830957022395502
gene398.fasta,2719,0.27638940143184004,0.20989002878441199,0.20658351169828001,0.307137058085468,CLUSTER6,2,Gpr155,1.2124756461006998,0.942857143575673,0.7534180730613108
gene399.fasta,2766,0.28720203318532395,0.22195606450105201,0.23970261743398,0.251139284879645,CLUSTER6,8,NSMAF,1.5884918575467,0.857459823971861,0.8037176422722881
gene4.fasta,3102,0.262595632215885,0.242523299485325,0.268159688412853,0.22672137988593696,CLUSTER6,0,DGKI,1.0580733987175,0.918485642796777,0.9723752516156391
gene40.fasta,2411,0.29762652963140995,0.194350992642981,0.20625531442936898,0.30176716329624,CLUSTER6,0,CENPI,2.020137415797,1.01273302096562,0.6730016769144764
gene400.fasta,1472,0.319799574855755,0.19532341330094102,0.244761615548132,0.240115396295172,CLUSTER6,7,ANKMY2,1.61630185348,1.11365698056092,0.6880638116038343
gene401.fasta,2624,0.284297028720713,0.21632302121397498,0.23092313034276396,0.26845681972254803,CLUSTER6,7,COG5,1.4553222027050001,0.912373456558057,0.786582528789113
gene402.fasta,1101,0.296494909458304,0.236107872853035,0.279047174943654,0.18835004274500697,CLUSTER6,8,ANXA13,2.161481037298,0.991427200405998,0.8687418086500658
gene403.fasta,2429,0.304232311779737,0.252855668184049,0.22605046282977698,0.216861557206437,CLUSTER6,6,MYB,1.14083320718,0.9175850140064742,0.7870730893314056
gene404.fasta,4186,0.35072436121620604,0.194056740745451,0.217202386629786,0.238016511408557,CLUSTER6,16,RPGRIP1L,1.475680694556,0.9352371092832759,0.5862996313531155
gene405.fasta,3381,0.306880851968275,0.22969360017003598,0.228675623370957,0.23474992449073198,CLUSTER6,20,Adnp,1.2199864449235,1.18240605981471,0.7468195239310315
gene406.fasta,2060,0.26803342618384396,0.24900278551532,0.26350974930362103,0.219454038997214,CLUSTER6,0,PPM1D,1.237401964263,0.955852286557139,0.9560608579980039
gene407.fasta,5734,0.24643032162349002,0.278679940656405,0.25383484489436997,0.22105489282573498,CLUSTER6,10,GBF1,1.1866007398398,0.9753234719795358,1.0804571086109704
gene408.fasta,2770,0.30159043012871994,0.233485452643389,0.207347211061752,0.257576906166139,CLUSTER6,7,AHR,2.212556606387,0.9474257446149829,0.7308465714860247
gene409.fasta,2882,0.28982931343459,0.220878991744763,0.22328799318428896,0.266003701636358,CLUSTER4,6,ENPP1,1.824170198284,1.0240753920745,0.7662561451522977
gene41.fasta,2854,0.29878941441441403,0.198310810810811,0.24735360360360398,0.255546171171171,CLUSTER6,10,MGEA5,0.9761647264072,0.974315439334883,0.7457834730990314
gene410.fasta,1185,0.238320355951057,0.246350111234705,0.296961902113459,0.218367630700779,CLUSTER6,3,ADPRH,1.934882809029,0.933673096641424,1.1398774795799276
gene411.fasta,1156,0.27778714791701803,0.21635182998819397,0.199949401248103,0.30591162084668605,CLUSTER6,2,ZDHHC2,0.9232627368556,0.990605227188371,0.7493169398907119
gene412.fasta,1875,0.274870908405913,0.22926223876958501,0.230614099239856,0.265252753584646,CLUSTER1,5,RHOBTB3,1.4322243059562998,1.06238673401085,0.8365314843183096
gene413.fasta,3169,0.281439735497445,0.25187856928163505,0.26931169221520895,0.19737000300571103,CLUSTER6,0,PPFIBP2,1.534873866059,0.943996270136942,0.9259358145992422
gene414.fasta,NA,0.211030562929685,0.30938443037687496,0.26972295963515097,0.20986204705829,NA,0,NA,NA,NA,1.3720936483616912
gene415.fasta,1766,0.299373664065218,0.243624794949545,0.217925137943033,0.239076403042203,CLUSTER6,1,EYA3,0.8594349333946,1.02861690285347,0.7708592777085933
gene416.fasta,1850,0.330071433369908,0.21309089280515897,0.21640504288241502,0.240432630942517,CLUSTER6,3,ALCAM,1.2096359112511001,0.9163748586329259,0.6506105834464049
gene417.fasta,1779,0.20212049395035603,0.28898590495197696,0.307346887863291,0.20154671323437698,CLUSTER6,11,insc,1.3677115978266998,0.869100323159823,1.475191310787457
gene418.fasta,2547,0.32379121152347995,0.19476536988844498,0.238160751877207,0.243282666710869,CLUSTER6,1,VAV3,1.039716143903,0.9165406518917951,0.6685266714446603
gene419.fasta,3532,0.268139259187574,0.24464713425108303,0.26425616335615604,0.22295744320518698,CLUSTER6,10,Sorcs1,1.406469762514,0.852527889367492,0.9489533519805117
gene42.fasta,1711,0.298272640032325,0.234178493863326,0.22349613616849298,0.244052729935855,CLUSTER4,10,STAM,1.4663851277742,0.9773341694263721,0.767208534417067
gene420.fasta,585,0.30712086735376803,0.22172399946459603,0.242069334761076,0.22908579842055898,CLUSTER6,0,Rab22a,1.388717709382,1.2381782780536499,0.7550664632817595
gene421.fasta,3604,0.26374045801526697,0.25660421003932504,0.246009715475364,0.23364561647004395,CLUSTER6,12,LRIG3,1.73878411914,0.9115364425894891,0.9528570802087456
gene422.fasta,2378,0.26746368755809097,0.290062145760055,0.22598458201964602,0.216489584662208,CLUSTER6,3,MFI2,1.1029041891706,1.09314332022429,0.9647042790951199
gene423.fasta,2740,0.28303470826061,0.261317190641363,0.303006870954201,0.152641230143826,CLUSTER6,10,Rbm20,1.9872727106797001,0.9125380486884991,0.9969167122004541
gene424.fasta,1836,0.26368978719615305,0.231680170955391,0.272860831626747,0.23176921022170802,CLUSTER6,16,GAN,1.631848727895,1.16147939673227,0.956694242782374
gene425.fasta,3456,0.301493225557078,0.259815821952179,0.21960316276294198,0.21908778972780202,CLUSTER6,0,CDKL5,1.510728692969,0.9061699917125949,0.7950742240215917
gene426.fasta,1866,0.322310510539087,0.17354998334681399,0.21066279678355604,0.293476709330542,CLUSTER6,4,PRIMPOL,2.06130327910454,0.921687907852997,0.5960289341600234
gene427.fasta,1455,0.28993567596415804,0.196005730176119,0.26018932052470395,0.25386927333501896,CLUSTER6,24,SLC25A24,1.632446334869,1.07007544086399,0.786717690370084
gene428.fasta,2959,0.255512286090391,0.266084357174199,0.256335015357613,0.22206834137779702,CLUSTER6,8,unc-5,1.257655727385,0.768748591220057,1.0222979499838982
gene429.fasta,1704,0.20323937597297198,0.28130899937067305,0.300520022523269,0.214931602133086,CLUSTER6,0,CASP9,2.8865718209030002,0.8135056498908589,1.4313885267275108
gene43.fasta,3385,0.248054629188502,0.23015843930565197,0.254529018702435,0.267257912803411,CLUSTER6,5,Nnt,1.42695219016,1.06185176040896,0.9769772481040108
gene430.fasta,2165,0.32184600870066604,0.244588290790922,0.20381047224697302,0.229755228261439,CLUSTER6,5,MYOT,1.2507666310935,1.10327467486099,0.6966045110333026
gene431.fasta,NA,0.313624648615795,0.22957296226382,0.219252055707181,0.237550333413204,NA,0,NA,NA,NA,0.7155448717948711
gene432.fasta,2183,0.29811875484217,0.22010766999741802,0.266711694709867,0.21506188045054503,CLUSTER6,3,LSG1,2.189411523953,0.9534605921822191,0.8164856400346515
gene433.fasta,2871,0.30702131495375107,0.19236156374377697,0.217018680053807,0.28359844124866496,CLUSTER6,1,COPB1,0.8256096816895001,1.0798315370554399,0.6666967794389976
gene434.fasta,2937,0.315403454834423,0.21943148953909503,0.23618457049060698,0.22898048513587502,CLUSTER4,19,ZNF507,1.8920110867009,0.977942729446901,0.7222749989674119
gene435.fasta,1906,0.29360907901229305,0.260270739922339,0.24235728230321998,0.203762898762148,CLUSTER6,0,CACNB2,1.51065501439679,0.8872755355583369,0.8559476837644292
gene436.fasta,7643,0.255075780835683,0.313869428084964,0.255913138136043,0.175141652943311,CLUSTER6,16,CREBBP,1.3573360265756003,0.8805490149095591,1.1168888013481268
gene437.fasta,1879,0.322400137741047,0.20532024793388395,0.248514979338843,0.223764634986226,CLUSTER6,3,TOMM70A,1.0456624902451,1.06766313827573,0.703838451268357
gene438.fasta,2918,0.240611095553689,0.28571206322536497,0.22791623883754897,0.245760602383397,CLUSTER6,91,SNAP91,1.18223671340373,1.2108448430968402,1.0673412647096838
gene439.fasta,2593,0.312985071084423,0.244179146986922,0.22846699736548498,0.21436878456316896,CLUSTER6,3,C3orf67,2.254947205933,0.986736838158627,0.7550618032911189
gene44.fasta,NA,0.311539432150555,0.193422941514734,0.22480235314559502,0.27023527318911605,NA,0,NA,NA,NA,0.6712236903260079
gene440.fasta,2491,0.25462130600988003,0.29384349526087,0.250187645097663,0.201347553631587,CLUSTER6,6,SIM1,1.222270525934,1.00225028992421,1.0683142524165339
gene441.fasta,4123,0.291225240663273,0.244433244292122,0.271730255531475,0.192611259513129,CLUSTER1,10,PARD3,1.7782102254530001,1.0324561602856999,0.8861929320549643
gene442.fasta,5471,0.284401338992169,0.24917807400322797,0.256097196485146,0.210323390519457,CLUSTER6,0,Sphkap,2.69458727417,0.903084229421788,0.8883138037938118
gene443.fasta,1245,0.33044525474191305,0.210182985983341,0.209112501254474,0.250259258020272,CLUSTER6,1,BROX,1.4472976026893,1.05988065114037,0.6344401700749137
gene444.fasta,4491,0.275764316790362,0.253942161938697,0.252642872610587,0.21765064866035397,CLUSTER6,0,PTPRG,1.342384612204,0.870335620350662,0.9185108509423165
gene445.fasta,2854,0.32050655409908896,0.19435680959786703,0.24576760719839996,0.23936902910464303,CLUSTER6,21,Paxbp1,1.1674042730999,1.08308169850475,0.6866075142104529
gene446.fasta,3212,0.339588449265276,0.193602185132172,0.22857217896022403,0.23823718664232899,CLUSTER6,2,IFIH1,1.9786322399079999,0.947805085865348,0.6215970610982214
gene447.fasta,NA,NA,NA,NA,NA,NA,0,NA,NA,NA,NA
gene45.fasta,1454,0.230411149019835,0.204764933788238,0.24518591337535398,0.319638003816573,CLUSTER6,0,SLC18B1,2.0390783765636997,0.8853071145970469,0.9764085832601309
gene46.fasta,1149,0.23397172140345604,0.22974489414229102,0.234158749158375,0.30212463529587796,CLUSTER9,15,TM6SF1,1.7011152353963,1.13554848008602,0.9913669064748216
gene47.fasta,2353,0.327270010831808,0.21749523773951396,0.273970044447765,0.181264706980914,CLUSTER6,9,GOLGA1,1.876750314559,0.953595532235888,0.7508559689568607
gene48.fasta,1443,0.289684903145296,0.208797753764996,0.196602285941178,0.304915057148529,CLUSTER6,2,CALCRL,1.51252155127709,0.996552732828834,0.6997258664578031
gene49.fasta,2756,0.235272875005643,0.267232429016386,0.268616741148678,0.22887795482929302,CLUSTER6,18,MOCOS,2.5722296608047004,0.9046579131579721,1.1387822972627246
gene5.fasta,7597,0.27609589079290003,0.286367514456669,0.23541646917118803,0.202120125579243,CLUSTER6,22,EP300,1.2548325829338,0.942456976411225,0.9449325416060756
gene50.fasta,5832,0.275528307024565,0.266451575638053,0.269603676901369,0.188416440436013,CLUSTER6,22,TNRC6B,0.8927382663856651,1.4073704665803701,0.9727770956245695
gene51.fasta,1726,0.21127937850329398,0.27723964991641303,0.262415183400531,0.249065788179762,CLUSTER6,17,GLP2R,2.4288647836840003,0.817773142351269,1.2771119385617902
gene52.fasta,3196,0.32148305976431,0.190630260942761,0.205571338383838,0.282315340909091,CLUSTER6,4,UBA6,1.241220072077,0.89836691053719,0.6162091396309772
gene53.fasta,3853,0.31213284248453005,0.200712775123365,0.20648285945536698,0.280671522936738,CLUSTER6,12,C12orf55,2.5087678379378997,1.05153394517488,0.6522793810121302
gene54.fasta,2798,0.29299300562073405,0.251096813983152,0.225137714982549,0.230772465413565,CLUSTER6,10,BICC1,1.1240098679264,0.991447978513073,0.8127063100990278
gene55.fasta,1801,0.31911306750333696,0.206303121122012,0.24526446416446201,0.22931934721019,CLUSTER6,0,CHAF1B,1.6232365491295,0.904007358303989,0.7075354024506564
gene56.fasta,3494,0.289649447672562,0.21427750462933398,0.23814571227890902,0.25792733541919394,CLUSTER6,3,ANKRD28,1.0769688118701999,1.07310982488728,0.7809840835941981
gene57.fasta,2578,0.283458143329289,0.25628582186336396,0.23428021587248496,0.22597581893486202,CLUSTER6,5,PRLR,2.5442852278859998,0.906921525027022,0.8653235923548083
gene58.fasta,3365,0.226573115307126,0.292976619969077,0.254849365131425,0.225600899592372,CLUSTER6,3,CASR,1.436545110602,0.973282449194716,1.208938634131214
gene59.fasta,NA,0.28971206950897,0.242911373322918,0.267366964053228,0.20000959311488398,NA,0,NA,NA,NA,0.8806646168401122
gene6.fasta,2353,0.272592786787012,0.27920302610389097,0.25967192239991,0.18853226470918696,CLUSTER6,0,APBB2,1.6875889457409998,1.06665250002086,0.9884248128048344
gene60.fasta,2100,0.3086875,0.21075,0.250645833333333,0.22991666666666696,CLUSTER6,0,PRKG1,0.9857639165894,1.11053869794101,0.74735101572518
gene61.fasta,2909,0.28518645815432203,0.21225296442687697,0.26623131122185895,0.23632926619694103,CLUSTER6,20,TSR1,1.600116266895,0.938700995455893,0.8388972582103026
gene62.fasta,3316,0.255735426943653,0.25419301049121107,0.254832210102133,0.23523935246300304,CLUSTER6,2,MERTK,2.4017992341533,0.8736490165098589,0.9952184307759192
gene63.fasta,2252,0.304962964457989,0.205784406724928,0.23246614325791698,0.256786485559166,CLUSTER6,0,IL1RAPL1,0.7416257942854001,0.9315571495942521,0.7185307743216429
gene64.fasta,2404,0.30056529313471003,0.208198528104668,0.229281473317453,0.261954705443169,CLUSTER6,11,ZW10,1.5156480003433002,1.00016420488989,0.7277620061509352
gene65.fasta,3042,0.27652710168305894,0.253286890979429,0.250603132003826,0.21958287533368498,CLUSTER6,18,LPIN2,1.852873317606,1.0493280659416,0.9111042279696471
gene66.fasta,2202,0.24401332621620103,0.28005301036278996,0.29326878830827,0.182664875112739,CLUSTER6,16,Eef2k,1.6582141744260002,0.8455933316967109,1.1747755902542072
gene67.fasta,3617,0.33554897180527193,0.20481901367646602,0.230182243552601,0.229449770965661,CLUSTER6,4,PLCB4,1.0363560256608,0.8860353916709108,0.6481933991463844
gene68.fasta,3115,0.28030630435957,0.26191183620549896,0.21947760790881102,0.23830425152612,CLUSTER6,15,RNF111,1.21558622259,1.23061817480587,0.8586846543001678
gene69.fasta,2207,0.301534594026715,0.21394266846765697,0.22805042773525397,0.256472309770374,CLUSTER6,2,PTCD3,2.3629069071813,0.864284462799937,0.7329061158464487
gene7.fasta,3432,0.253855197525368,0.235226974397608,0.250510792270201,0.26040703580682395,CLUSTER6,2,Polr1b,1.6211213422791002,0.874296470774688,0.9567221223021615
gene70.fasta,5755,0.283928988554076,0.227976816164448,0.231093786498482,0.257000408782995,CLUSTER6,11,SBF2,1.1543076288318002,0.952610710970203,0.8084250308515032
gene71.fasta,5755,0.283928988554076,0.227976816164448,0.231093786498482,0.257000408782995,CLUSTER6,11,SBF2,1.1543076288318002,0.952610710970203,0.8084250308515032
gene72.fasta,1869,0.292858392372955,0.20602641476427896,0.233621971486049,0.267493221376717,CLUSTER6,9,Ttc39b,1.5464707183702,0.8110336320653921,0.7506159934294045
gene73.fasta,2163,0.30870970902321904,0.229724698736161,0.23278142451258899,0.22878416772803,CLUSTER6,4,STIM2,1.3553474750380001,1.01602850966341,0.749095525230085
gene74.fasta,4014,0.26766342751878697,0.254934258618505,0.251903039990643,0.22549927387206498,CLUSTER6,1,TNKS,1.165600525139,0.924394113485138,0.9467810064816826
gene75.fasta,1798,0.23017908145183102,0.30769070402568394,0.24483499072278897,0.217295223799696,CLUSTER6,0,NR4A2,0.5926593640438,0.940260787572206,1.200208314464272
gene76.fasta,2253,0.288338704386253,0.22643329924162,0.21599351614210502,0.269234480230023,CLUSTER6,11,Pcsk1n,0.8947202594918001,1.3435743964258502,0.7671998393789315
gene77.fasta,729,0.29445145018915503,0.236673162902671,0.301731055829417,0.16714433107875698,CLUSTER4,2,MXD1,1.25595363608204,1.13405444127708,0.9142495620011689
gene78.fasta,3183,0.276758946657664,0.209358541525996,0.24765698852126897,0.266225523295071,CLUSTER6,0,IARS2,2.0198262966718,1.14930239305129,0.8256562896457486
gene79.fasta,2975,0.298641485781248,0.20165147365408997,0.24006322473395197,0.25964381583071,CLUSTER6,0,PSMD1,0.9696547530228001,0.970976061115855,0.7395400830405621
gene8.fasta,3902,0.283904285012388,0.24844499733428102,0.249626276670256,0.21802444098307502,CLUSTER1,0,Sin3a,1.1267163653324,1.0178554428703102,0.8771816775903962
gene80.fasta,2609,0.250929033314234,0.28940001637063106,0.24899729884587102,0.210673651469264,CLUSTER6,1,GAREM,1.5384181301700002,0.939700759955606,1.0728079331941565
gene81.fasta,3486,0.23193403128296397,0.269954516066831,0.274400825743226,0.22371062690697896,CLUSTER6,5,Megf10,1.427916134479,0.836756432171435,1.173513302034433
gene82.fasta,3528,0.31905657825162,0.195250919196763,0.23226472866787198,0.253427773883745,CLUSTER6,1,AP3B1,1.4550135667561002,1.05553212706744,0.6699683958991751
gene83.fasta,1210,0.285018270401949,0.195406298938577,0.204245693405255,0.31532973725422,CLUSTER6,3,SLC35B3,1.6140934916179999,1.5145990092677,0.7010989010989015
gene84.fasta,1949,0.274618428490673,0.258428490672696,0.246512153759186,0.220440927077445,CLUSTER6,14,gkt,2.2370803648608,0.955676459519504,0.9193495265541357
gene85.fasta,1846,0.3060853978030061,0.21386220526726998,0.21459760077216503,0.265454796157559,CLUSTER6,0,FARSB,1.5383737375600002,1.03802742372726,0.699902395074704
gene86.fasta,1458,0.28944334407426,0.228752180211074,0.23430987081325602,0.24749460490141,CLUSTER6,3,B3GALTL,2.120017569726,1.0310957206004498,0.7999182923092648
gene87.fasta,2500,0.274314512684719,0.22755616297941397,0.24231656274024102,0.255812761595627,CLUSTER6,0,SUPV3L1,1.5391800128224,0.9641363052386249,0.856448900790931
gene88.fasta,5391,0.272419184449609,0.235081343756603,0.281157828016057,0.21134164377773101,CLUSTER6,0,THSD7A,1.5888712141172998,0.878290340325184,0.9475088415958308
gene89.fasta,6260,0.255625865137433,0.261070463384088,0.25127545975875004,0.232028211719728,CLUSTER6,3,DOCK3,0.9696740931081,1.0069908290965601,1.0021402233052272
gene9.fasta,1612,0.18986802894848898,0.272256028848321,0.26354143189843,0.27433451030476,CLUSTER6,1,SLC18A1,1.992572502208,0.824312139687913,1.4109733579530455
gene90.fasta,3670,0.310551503043256,0.21025182363053502,0.26687729405752,0.21231937926868902,CLUSTER6,3,RBM6,1.2844644636518998,1.13770286270408,0.76819643925793
gene91.fasta,1107,0.291232080773444,0.222079344668286,0.27837310091917894,0.208315473639091,CLUSTER6,15,Aven,2.4236672152309997,0.942524430622446,0.8591986917416186
gene92.fasta,3357,0.260140537921008,0.233632178337776,0.24167676278168201,0.264550520959535,CLUSTER6,4,SLC4A4,1.230192806409,1.00016272930484,0.9135618479880789
gene93.fasta,4345,0.252034046227044,0.242480832574769,0.257054644757463,0.248430476440724,CLUSTER6,20,ATRN,1.2757065394326002,1.08012368613566,0.9910079308932476
gene94.fasta,1272,0.24880717602900895,0.24136395445002898,0.30326356638463003,0.206565303136332,CLUSTER6,16,VAT1L,1.208792494229,0.9983409149380079,1.0944771158271571
gene95.fasta,3536,0.277197112926432,0.23532978989048603,0.25100179550291896,0.236471301680163,CLUSTER6,0,TEK,1.6028827448341,1.16026518779257,0.8772306108441995
gene96.fasta,2941,0.22375383715831001,0.308302879695951,0.25515275544510996,0.212790527700629,CLUSTER4,2,AGBL5,1.4691780682692,0.9598535272702808,1.2590971450970145
gene97.fasta,2521,0.282041487435851,0.237033100264071,0.256165816877315,0.224759595422763,CLUSTER6,1,RSBN1,0.7487395823602,1.23533646905271,0.874337533859379
gene98.fasta,1107,0.254534346481347,0.215472144793616,0.222459811371186,0.307533697353851,CLUSTER6,4,TMEM144,1.9151602677131998,1.01652274130147,0.8602610261026108
gene99.fasta,1863,0.29780029943567893,0.208983070367385,0.293285730738224,0.199930899458712,CLUSTER6,17,AATF,1.6508048972163,0.9110383290737541,0.8432980122205899
